ID,Code,Day,Type,Date,Start,Stop,Room,Occupancy,O_Activity,Tset,Fans,Lights,Curtains,Windows,Mdoors,Bdoors,Success,Reason
BRD1G1,ACRun25,1,Gap,09-06-2015,10:30,11:00,BR,1,Moving,25,0,0,0,0,0,0,-1,
BRD1A1,AllClose,1,Activity,09-06-2015,11:00,12:00,BR,0,,25,0,0,0,0,0,0,0,No power data directly from Z-Wave Sensor
LRD1G1,ACRun25,1,Gap,09-06-2015,10:30,11:00,LR,1,Moving,25,0,0,0,0,0,0,-1,
LRD1A1,AllClose,1,Activity,09-06-2015,11:00,12:00,LR,0,,25,0,0,0,0,0,0,0,Data collected at 25C instead of 28C
BRD1G2,ACRun25,1,Gap,09-06-2015,12:00,12:30,BR,1,Moving,25,0,0,0,0,0,0,-1,
BRD1A2,MainDoor50,1,Activity,09-06-2015,12:30,13:30,BR,0,,25,0,0,0,0,0.5,0,0,No power data directly from Z-Wave Sensor
LRD1G2,ACRun25,1,Gap,09-06-2015,12:00,12:30,LR,1,Moving,25,0,0,0,0,0,0,-1,
LRD1A2,MainDoor50,1,Activity,09-06-2015,12:30,13:30,LR,0,,25,0,0,0,0,0.5,0,0,Data collected at 25C instead of 28C
BRD1G3,ACRun25,1,Gap,09-06-2015,13:30,14:00,BR,1,Moving,25,0,0,0,0,0,0,-1,
BRD1A3,FansOn,1,Activity,09-06-2015,14:00,15:00,BR,0,,25,1,0,0,0,0,0,0,Main door was a little bit open
LRD1G3,ACRun28,1,Gap,09-06-2015,13:30,14:00,LR,1,Moving,28,0,0,0,0,0,0,-1,
LRD1A3,FansOn,1,Activity,09-06-2015,14:00,15:00,LR,0,,28,1,0,0,0,0,0,1,
BRD1G4,ACRun25,1,Gap,09-06-2015,15:00,15:30,BR,1,Moving,25,0,0,0,0,0,0,-1,
BRD1A4,OccSleep,1,Activity,09-06-2015,15:30,16:30,BR,1,Sleeping,25,0,0,0,0,0,0,1,No power data directly from Z-Wave Sensor
LRD1G4,ACOff,1,Gap,09-06-2015,15:00,15:30,LR,1,Moving,0,0,0,0,0,0,0,-1,
LRD1A4,T18,1,Activity,09-06-2015,15:30,16:30,LR,0,,18,0,0,0,0,0,0,1,
BRD1G5,ACRun25,1,Gap,09-06-2015,16:30,17:00,BR,1,Moving,25,0,0,0,0,0,0,-1,
BRD1A5,OccWork,1,Activity,09-06-2015,17:00,18:00,BR,1,Working,25,0,1,0,0,0,0,1,No power data directly from Z-Wave Sensor
LRD1G5,ACOff,1,Gap,09-06-2015,16:30,17:00,LR,1,Moving,0,0,0,0,0,0,0,-1,
LRD1A5,T24,1,Activity,09-06-2015,17:00,18:00,LR,0,,24,0,0,0,0,0,0,1,
BRD1G6,ACOff,1,Gap,09-06-2015,18:00,18:30,BR,1,Moving,0,0,0,0,0,0,0,-1,
BRD1A6,T18,1,Activity,09-06-2015,18:30,19:30,BR,0,,18,0,0,0,0,0,0,1,
LRD1G6,ACRun28,1,Gap,09-06-2015,18:00,18:30,LR,1,Moving,28,0,0,0,0,0,0,-1,
LRD1A6,OccSleep,1,Activity,09-06-2015,18:30,19:30,LR,1,Sleeping,28,0,0,0,0,0,0,1,
BRD1G7,ACOff,1,Gap,09-06-2015,19:30,20:00,BR,1,Moving,0,0,0,0,0,0,0,-1,
BRD1A7,T24,1,Activity,09-06-2015,20:00,21:00,BR,0,,24,0,0,0,0,0,0,1,
LRD1G7,ACRun28,1,Gap,09-06-2015,19:30,20:00,LR,1,Moving,28,0,0,0,0,0,0,-1,
LRD1A7,OccWork,1,Activity,09-06-2015,20:00,21:00,LR,1,Working,28,0,1,0,0,0,0,1,
BRD2G1,ACRun25,2,Gap,10-06-2015,10:30,11:00,BR,1,Moving,25,0,0,0,0,0,0,-1,
BRD2A1,MainDoor100,2,Activity,10-06-2015,11:00,12:00,BR,0,,25,0,0,0,0,1,0,0,AC was On for the whole night due to which initial cycles were small
LRD2G1,ACRun28,2,Gap,10-06-2015,10:30,11:00,LR,1,Moving,28,0,0,0,0,0,0,-1,
LRD2A1,MainDoor100,2,Activity,10-06-2015,11:00,12:00,LR,0,,28,0,0,0,0,1,0,1,
BRD2G2,ACRun25,2,Gap,10-06-2015,12:00,12:30,BR,1,Moving,25,0,0,0,0,0,0,-1,
BRD2A2,Window50,2,Activity,10-06-2015,12:30,13:30,BR,0,,25,0,0,0,0.5,0,0,0,Both the bathroom doors got opened
LRD2G2,ACRun28,2,Gap,10-06-2015,12:00,12:30,LR,1,Moving,28,0,0,0,0,0,0,-1,
LRD2A2,Window50,2,Activity,10-06-2015,12:30,13:30,LR,0,,28,0,0,0,0.5,0,0,1,
BRD2G3,ACRun25,2,Gap,10-06-2015,13:30,14:00,BR,1,Moving,25,0,0,0,0,0,0,-1,
BRD2A3,CurtainsOn,2,Activity,10-06-2015,14:00,15:00,BR,0,,25,0,0,1,0,0,0,1,
LRD2G3,ACRun28,2,Gap,10-06-2015,13:30,14:00,LR,1,Moving,28,0,0,0,0,0,0,-1,
LRD2A3,CurtainsOn,2,Activity,10-06-2015,14:00,15:00,LR,0,,28,0,0,1,0,0,0,1,
BRD2G4,ACRun25,2,Gap,10-06-2015,15:00,15:30,BR,1,Moving,25,0,0,0,0,0,0,-1,
BRD2A4,MultipleOccMove,2,Activity,10-06-2015,15:30,16:30,BR,3,Moving,25,0,1,0,0,0,0,0,Manoj and Alvika Ð No data from BRL2 sensor for the period
LRD2G4,ACOff,2,Gap,10-06-2015,15:00,15:30,LR,1,Moving,0,0,0,0,0,0,0,-1,
LRD2A4,T20,2,Activity,10-06-2015,15:30,16:30,LR,0,,20,0,0,0,0,0,0,1,
BRD2G5,ACRun25,2,Gap,10-06-2015,16:30,17:00,BR,1,Moving,25,0,0,0,0,0,0,-1,
BRD2A5,MultipleOccWork,2,Activity,10-06-2015,17:00,18:00,BR,3,Working,25,0,1,0,0,0,0,0,Manoj and Alvika Ð No data from BRL2 sensor for the period
LRD2G5,ACOff,2,Gap,10-06-2015,16:30,17:00,LR,1,Moving,0,0,0,0,0,0,0,-1,
LRD2A5,T27,2,Activity,10-06-2015,17:00,18:00,LR,0,,27,0,0,0,0,0,0,1,
BRD2G6,ACOff,2,Gap,10-06-2015,18:00,18:30,BR,1,Moving,0,0,0,0,0,0,0,-1,
BRD2A6,T20,2,Activity,10-06-2015,18:30,19:30,BR,0,,20,0,0,0,0,0,0,0,No data from BRL2 sensor for the period
LRD2G6,ACRun28,2,Gap,10-06-2015,18:00,18:30,LR,1,Moving,28,0,0,0,0,0,0,-1,
LRD2A6,MultipleOccSit,2,Activity,10-06-2015,18:30,19:30,LR,3,Sitting,28,0,1,0,0,0,0,1,Anil and Vandana
BRD2G7,ACOff,2,Gap,10-06-2015,19:30,20:00,BR,1,Moving,0,0,0,0,0,0,0,-1,
BRD2A7,T27,2,Activity,10-06-2015,20:00,21:00,BR,0,,27,0,1,0,0,0,0,0,Lights were On
LRD2G7,ACRun28,2,Gap,10-06-2015,19:30,20:00,LR,1,Moving,28,0,0,0,0,0,0,-1,
LRD2A7,MultipleOccWork,2,Activity,10-06-2015,20:00,21:00,LR,3,Working,28,0,1,0,0,0,0,1,Anil and Vandana
BRD3G1,ACRun25,3,Gap,11-06-2015,10:30,11:00,BR,1,Moving,25,0,0,0,0,0,0,-1,
BRD3A1,Window100,3,Activity,11-06-2015,11:00,12:00,BR,0,,25,0,0,0,1,0,0,1,
LRD3G1,ACRun28,3,Gap,11-06-2015,10:30,11:00,LR,1,Moving,28,0,0,0,0,0,0,-1,
LRD3A1,Window100,3,Activity,11-06-2015,11:00,12:00,LR,0,,28,0,0,0,1,0,0,1,
BRD3G2,ACRun25,3,Gap,11-06-2015,12:00,12:30,BR,1,Moving,25,0,0,0,0,0,0,-1,
BRD3A2,SecondaryDoor50,3,Activity,11-06-2015,12:30,13:30,BR,0,,25,0,0,0,0,0,0.5,1,
LRD3G2,ACRun28,3,Gap,11-06-2015,12:00,12:30,LR,1,Moving,28,0,0,0,0,0,0,-1,
LRD3A2,SecondaryDoor50,3,Activity,11-06-2015,12:30,13:30,LR,0,,28,0,0,0,0,0,0.5,1,
BRD3G3,ACRun25,3,Gap,11-06-2015,13:30,14:00,BR,1,Moving,25,0,0,0,0,0,0,-1,
BRD3A3,LightsOn,3,Activity,11-06-2015,14:00,15:00,BR,0,,25,0,1,0,0,0,0,1,
LRD3G3,ACRun28,3,Gap,11-06-2015,13:30,14:00,LR,1,Moving,28,0,0,0,0,0,0,-1,
LRD3A3,LightsOn,3,Activity,11-06-2015,14:00,15:00,LR,0,,28,0,1,0,0,0,0,1,
BRD3G4,ACRun25,3,Gap,11-06-2015,15:00,15:30,BR,1,Moving,25,0,0,0,0,0,0,-1,
BRD3A4,OccSit,3,Activity,11-06-2015,15:30,16:30,BR,1,Sit,25,0,1,0,0,0,0,0,Power Cut
LRD3G4,ACOff,3,Gap,11-06-2015,15:00,15:30,LR,1,Moving,0,0,0,0,0,0,0,-1,
LRD3A4,T22,3,Activity,11-06-2015,15:30,16:30,LR,0,,22,0,0,0,0,0,0,0,Power Cut
BRD3G5,ACRun25,3,Gap,11-06-2015,16:30,17:00,BR,1,Moving,25,0,0,0,0,0,0,-1,
BRD3A5,MultipleOccSit,3,Activity,11-06-2015,17:00,18:00,BR,3,Sitting,25,0,1,0,0,0,0,1,Anil and Vandana
LRD3G5,ACOff,3,Gap,11-06-2015,16:30,17:00,LR,1,Moving,0,0,0,0,0,0,0,-1,
LRD3A5,T28,3,Activity,11-06-2015,17:00,18:00,LR,0,,28,0,0,0,0,0,0,1,
BRD3G6,ACOff,3,Gap,11-06-2015,18:00,18:30,BR,1,Moving,0,0,0,0,0,0,0,-1,
BRD3A6,T22,3,Activity,11-06-2015,18:30,19:30,BR,0,,22,0,0,0,0,0,0,0,Power Cut
LRD3G6,ACRun28,3,Gap,11-06-2015,18:00,18:30,LR,1,Moving,28,0,0,0,0,0,0,-1,
LRD3A6,MultipleOccMove,3,Activity,11-06-2015,18:30,19:30,LR,3,Moving,28,0,1,0,0,0,0,0,Anil and Vandana Ð Power Cut
BRD3G7,ACOff,3,Gap,11-06-2015,19:30,20:00,BR,1,Moving,0,0,0,0,0,0,0,-1,
BRD3A7,T28,3,Activity,11-06-2015,20:00,21:00,BR,0,,28,0,0,0,0,0,0,1,
LRD3G7,ACRun28,3,Gap,11-06-2015,19:30,20:00,LR,1,Moving,28,0,0,0,0,0,0,-1,
LRD3A7,OccSit,3,Activity,11-06-2015,20:00,21:00,LR,1,Sitting,28,0,1,0,0,0,0,1,
BRD4G1,ACRun25,4,Gap,12-06-2015,10:30,11:00,BR,1,Moving,25,0,0,0,0,0,0,-1,
BRD4A1,SecondaryDoor100,4,Activity,12-06-2015,11:00,12:00,BR,0,,25,0,0,0,0,0,1,1,
LRD4G1,ACRun28,4,Gap,12-06-2015,10:30,11:00,LR,1,Moving,28,0,0,0,0,0,0,-1,
LRD4A1,SecondaryDoor100,4,Activity,12-06-2015,11:00,12:00,LR,0,,28,0,0,0,0,0,1,1,
BRD4G2,ACRun25,4,Gap,12-06-2015,12:00,12:30,BR,1,Moving,25,0,0,0,0,0,0,-1,
BRD4A2,AllOpen,4,Activity,12-06-2015,12:30,13:30,BR,0,,25,0,0,0,1,1,1,1,
LRD4G2,ACRun28,4,Gap,12-06-2015,12:00,12:30,LR,1,Moving,28,0,0,0,0,0,0,-1,
LRD4A2,AllOpen,4,Activity,12-06-2015,12:30,13:30,LR,0,,28,0,0,0,1,1,1,1,
BRD4G3,ACRun25,4,Gap,12-06-2015,13:30,14:00,BR,1,Moving,25,0,0,0,0,0,0,-1,
BRD4A3,WetClothes,4,Activity,12-06-2015,14:00,15:00,BR,0,,25,0,0,0,0,0,0,1,
LRD4G3,ACRun28,4,Gap,12-06-2015,13:30,14:00,LR,1,Moving,28,0,0,0,0,0,0,-1,
LRD4A3,WetClothes,4,Activity,12-06-2015,14:00,15:00,LR,0,,28,0,0,0,0,0,0,1,
BRD4G4,ACRun25,4,Gap,12-06-2015,15:00,15:30,BR,1,Moving,25,0,0,0,0,0,0,-1,
BRD4A4,OccMove,4,Activity,12-06-2015,15:30,16:30,BR,1,Moving,25,0,1,0,0,0,0,1,
LRD4G4,ACOff,4,Gap,12-06-2015,15:00,15:30,LR,1,Moving,0,0,0,0,0,0,0,-1,
LRD4A4,T25,4,Activity,12-06-2015,15:30,16:30,LR,0,,25,0,0,0,0,0,0,1,
BRD4G5,ACRun25,4,Gap,12-06-2015,16:30,17:00,BR,1,Moving,25,0,0,0,0,0,0,-1,
BRD4A5,OccExercise,4,Activity,12-06-2015,17:00,18:00,BR,1,Exercise,25,0,1,0,0,0,0,1,
LRD4G5,ACOff,4,Gap,12-06-2015,16:30,17:00,LR,1,Moving,0,0,0,0,0,0,0,-1,
LRD4A5,T30,4,Activity,12-06-2015,17:00,18:00,LR,0,,28,0,0,0,0,0,0,1,
BRD4G6,ACOff,4,Gap,12-06-2015,18:00,18:30,BR,1,Moving,0,0,0,0,0,0,0,-1,
BRD4A6,T25,4,Activity,12-06-2015,18:30,19:30,BR,0,,22,0,0,0,0,0,0,1,
LRD4G6,ACRun28,4,Gap,12-06-2015,18:00,18:30,LR,1,Moving,28,0,0,0,0,0,0,-1,
LRD4A6,OccMove,4,Activity,12-06-2015,18:30,19:30,LR,1,Exercise,28,0,1,0,0,0,0,1,
BRD4G7,ACOff,4,Gap,12-06-2015,19:30,20:00,BR,1,Moving,0,0,0,0,0,0,0,-1,
BRD4A7,T30,4,Activity,12-06-2015,20:00,21:00,BR,0,,28,0,0,0,0,0,0,1,
LRD4G7,ACRun28,4,Gap,12-06-2015,19:30,20:00,LR,1,Moving,28,0,0,0,0,0,0,-1,
LRD4A7,OccExercise,4,Activity,12-06-2015,20:00,21:00,LR,1,Moving,28,0,1,0,0,0,0,1,
BRD5G1,ACRun25,5,Gap,13-06-2015,10:30,11:00,BR,1,Moving,25,0,0,0,0,0,0,-1,
BRD5A1,Window50,5,Activity,13-06-2015,11:00,12:00,BR,0,,25,0,0,0,0.5,0,0,1,
LRD5G1,ACRun28,5,Gap,13-06-2015,10:30,11:00,LR,1,Moving,28,0,0,0,0,0,0,-1,
LRD5A1,AllClose,5,Activity,13-06-2015,11:00,12:00,LR,0,,28,0,0,0,0,0,0,1,
BRD5G2,ACRun25,5,Gap,13-06-2015,12:00,12:30,BR,1,Moving,25,0,0,0,0,0,0,-1,
BRD5A2,MainDoor100,5,Activity,13-06-2015,12:30,13:30,BR,0,,25,0,0,0,0,1,0,1,
LRD5G2,ACRun28,5,Gap,13-06-2015,12:00,12:30,LR,1,Moving,28,0,0,0,0,0,0,-1,
LRD5A2,MainDoor50,5,Activity,13-06-2015,12:30,13:30,LR,0,,28,0,0,0,0,0.5,0,1,
BRD5G3,ACRun25,5,Gap,13-06-2015,13:30,14:00,BR,1,Moving,25,0,0,0,0,0,0,-1,
BRD5A3,FansOn,5,Activity,13-06-2015,14:00,15:00,BR,0,,25,1,0,0,0,0,0,1,
LRD5G3,ACRun28,5,Gap,13-06-2015,13:30,14:00,LR,1,Moving,0,0,0,0,0,0,0,-1,
LRD5A3,SfanOn,5,Activity,13-06-2015,14:00,15:00,LR,0,,25,0.5,0,0,0,0,0,-1,
BRD5G4,ACRun30,5,Gap,13-06-2015,15:00,15:30,BR,0,,30,0,0,0,0,0,0,-1,
BRD5A4,T30,5,Activity,13-06-2015,15:30,16:30,BR,0,,30,0,0,0,0,0,0,1,
LRD5G4,ACRun30,5,Gap,13-06-2015,15:00,15:30,LR,0,,30,0,0,0,0,0,0,-1,
LRD5A4,T30,5,Activity,13-06-2015,15:30,16:30,LR,0,,30,0,0,0,0,0,0,1,
BRD5G5,ACRun30,5,Gap,13-06-2015,16:30,17:00,BR,0,,30,0,0,0,0,0,0,-1,
BRD5A5,T30,5,Activity,13-06-2015,17:00,18:00,BR,0,,30,0,0,0,0,0,0,1,
LRD5G5,ACRun30,5,Gap,13-06-2015,16:30,17:00,LR,0,,30,0,0,0,0,0,0,-1,
LRD5A5,T30,5,Activity,13-06-2015,17:00,18:00,LR,0,,30,0,0,0,0,0,0,1,
BRD5G6,ACRun30,5,Gap,13-06-2015,18:00,18:30,BR,0,,30,0,0,0,0,0,0,-1,
BRD5A6,T30,5,Activity,13-06-2015,18:30,19:30,BR,0,,30,0,0,0,0,0,0,1,
LRD5G6,ACRun30,5,Gap,13-06-2015,18:00,18:30,LR,0,,30,0,0,0,0,0,0,-1,
LRD5A6,T30,5,Activity,13-06-2015,18:30,19:30,LR,0,,30,0,0,0,0,0,0,1,
BRD6A1,T18,6,Activity,14-06-2015,11:00,12:00,BR,0,,18,0,0,0,0,0,0,1,
LRD6A1,T18,6,Activity,14-06-2015,11:00,12:00,LR,0,,18,0,0,0,0,0,0,1,
BRD6A2,T20,6,Activity,14-06-2015,12:00,13:00,BR,0,,20,0,0,0,0,0,0,1,
LRD6A2,T20,6,Activity,14-06-2015,12:00,13:00,LR,0,,20,0,0,0,0,0,0,1,
BRD6A3,T22,6,Activity,14-06-2015,13:00,14:00,BR,0,,22,0,0,0,0,0,0,1,
LRD6A3,T22,6,Activity,14-06-2015,13:00,14:00,LR,0,,22,0,0,0,0,0,0,1,
BRD6A4,T24,6,Activity,14-06-2015,14:00,15:00,BR,0,,24,0,0,0,0,0,0,1,
LRD6A4,T24,6,Activity,14-06-2015,14:00,15:00,LR,0,,24,0,0,0,0,0,0,1,
BRD6A5,T25,6,Activity,14-06-2015,15:00,16:00,BR,0,,25,0,0,0,0,0,0,1,
LRD6A5,T25,6,Activity,14-06-2015,15:00,16:00,LR,0,,25,0,0,0,0,0,0,1,
BRD6A6,T26,6,Activity,14-06-2015,16:00,17:00,BR,0,,26,0,0,0,0,0,0,1,
LRD6A6,T26,6,Activity,14-06-2015,16:00,17:00,LR,0,,26,0,0,0,0,0,0,1,
BRD7A1,T25,7,Activity,15-06-2015,10:45,14:00,BR,0,,25,0,0,0,0,0,0,1,Lot of Distubance 
LRD7A1,T28,7,Activity,15-06-2015,10:45,14:00,LR,0,,28,0,0,0,0,0,0,1,Lot of Distubance 
BRD7A2,FansOn,7,Activity,15-06-2015,14:00,15:00,BR,0,,25,1,0,0,0,0,0,1,Lot of Distubance 
LRD7A2,SfanOn,7,Activity,15-06-2015,14:00,15:00,LR,0,,28,0.5,0,0,0,0,0,1,Lot of Distubance 
BRD7A3,T25,7,Activity,15-06-2015,15:00,18:00,BR,0,,25,0,0,0,0,0,0,1,Lot of Distubance 
LRD7A3,T28,7,Activity,15-06-2015,15:00,18:00,LR,0,,28,0,0,0,0,0,0,1,Lot of Distubance 
BRD8G1,ACRun25,8,Gap,16-06-2015,10:50,11:00,BR,1,Moving,25,0,0,0,0,0,0,-1,
BRD8A1,Window50,8,Activity,16-06-2015,11:00,12:00,BR,0,,25,0,0,0,0.5,0,0,1,Z-Wave power meter went down
LRD8G1,ACRun28,8,Gap,16-06-2015,10:50,11:00,LR,1,Moving,28,0,0,0,0,0,0,-1,
LRD8A1,AllClose,8,Activity,16-06-2015,11:00,12:00,LR,0,,28,0,0,0,0,0,0,1,
BRD8G2,ACRun25,8,Gap,16-06-2015,12:00,12:30,BR,1,Moving,25,0,0,0,0,0,0,-1,
BRD8A2,MainDoor100,8,Activity,16-06-2015,12:30,13:30,BR,0,,25,0,0,0,0,1,0,1,
LRD8G2,ACRun28,8,Gap,16-06-2015,12:00,12:30,LR,1,Moving,28,0,0,0,0,0,0,-1,
LRD8A2,MainDoor50,8,Activity,16-06-2015,12:30,13:30,LR,0,,28,0,0,0,0,0.5,0,1,
BRD8G3,ACRun25,8,Gap,16-06-2015,13:30,14:00,BR,1,Moving,25,0,0,0,0,0,0,-1,Weather going bad
BRD8A3,FansOn,8,Activity,16-06-2015,14:00,15:00,BR,0,,25,1,0,0,0,0,0,1,Weather going bad
LRD8G3,ACRun28,8,Gap,16-06-2015,13:30,14:00,LR,1,Moving,28,0,0,0,0,0,0,-1,Weather going bad
LRD8A3,SfanOn,8,Activity,16-06-2015,14:00,15:00,LR,0,,28,0.5,0,0,0,0,0,1,Weather going bad
BRD8G4,ACRun25,8,Gap,16-06-2015,15:00,15:30,BR,1,Moving,25,0,0,0,0,0,0,-1,Weather going bad
BRD8A4,MultipleOccMove,8,Activity,16-06-2015,15:30,16:30,BR,3,Moving,25,0,1,0,0,0,0,1,Manaswi and Vandana Ð Weather going bad
LRD8G4,ACOff,8,Gap,16-06-2015,15:00,15:30,LR,1,Moving,0,0,0,0,0,0,0,-1,Weather going bad
LRD8A4,T22,8,Activity,16-06-2015,15:30,16:30,LR,0,,22,0,0,0,0,0,0,1,Weather going bad
BRD8G5,ACRun25,8,Gap,16-06-2015,16:30,17:00,BR,1,Moving,25,0,0,0,0,0,0,-1,Weather going bad
BRD8A5,MultipleOccWork,8,Activity,16-06-2015,17:00,18:00,BR,3,Working,25,0,1,0,0,0,0,1,Manaswi and Apurv Ð Weather going bad
LRD8G5,ACOff,8,Gap,16-06-2015,16:30,17:00,LR,1,Moving,0,0,0,0,0,0,0,-1,Weather going bad
LRD8A5,T22,8,Activity,16-06-2015,17:00,18:00,LR,0,,22,0,0,0,0,0,0,1,Weather going bad
BRD8G6,ACOff,8,Gap,16-06-2015,18:00,18:30,BR,1,Moving,0,0,0,0,0,0,0,-1,Weather going bad
BRD8A6,T20,8,Activity,16-06-2015,18:30,19:30,BR,0,,20,0,0,0,0,0,0,1,Weather going bad
LRD8A6,MultipleOccMove,8,Activity,16-06-2015,18:00,19:00,LR,3,Moving,28,0,1,0,0,0,0,1,Manaswi and Apurv Ð Weather going bad Ð Hot Food
BRD9G1,ACRun25,9,Gap,17-06-2015,10:30,11:00,BR,1,Moving,25,0,0,0,0,0,0,-1,
BRD9A1,AllClose,9,Activity,17-06-2015,11:00,12:00,BR,0,,25,0,0,0,0,0,0,1,
LRD9G1,ACRun28,9,Gap,17-06-2015,10:30,11:00,LR,1,Moving,28,0,0,0,0,0,0,-1,
LRD9A1,T28,9,Activity,17-06-2015,11:00,12:00,LR,0,,28,0,0,0,0,0,0,1,
BRD9G2,ACRun25,9,Gap,17-06-2015,12:00,12:30,BR,1,Moving,25,0,0,0,0,0,0,-1,
BRD9A2,MainDoor50,9,Activity,17-06-2015,12:30,13:30,BR,0,,25,0,0,0,0,0.5,0,1,
LRD9G2,ACRun28,9,Gap,17-06-2015,12:00,12:30,LR,1,Moving,28,0,0,0,0,0,0,-1,
LRD9A2,T28,9,Activity,17-06-2015,12:30,13:30,LR,0,,28,0,0,0,0,0,0,1,
BRD9G3,ACRun25,9,Gap,17-06-2015,13:30,14:00,BR,1,Moving,25,0,0,0,0,0,0,-1,
BRD9A3,FanSwingOn,9,Activity,17-06-2015,14:00,15:00,BR,0,,25,0.5,0,0,0,0,0,1,
LRD9G3,ACRun28,9,Gap,17-06-2015,13:30,14:00,LR,1,Moving,28,0,0,0,0,0,0,-1,
LRD9A3,T28,9,Activity,17-06-2015,14:00,15:00,LR,0,,28,0,0,0,0,0,0,1,Between 14:40 and 14:50 there were movements because of IT person
BRD9G4,ACRun25,9,Gap,17-06-2015,15:00,15:30,BR,1,Moving,25,0,0,0,0,0,0,-1,
BRD9A4,OccSit,9,Activity,17-06-2015,15:30,16:30,BR,1,Sitting,25,0,1,0,0,0,0,1,
LRD9G4,ACOff,9,Gap,17-06-2015,15:00,15:30,LR,1,Moving,28,0,0,0,0,0,0,-1,
LRD9A4,T28,9,Activity,17-06-2015,15:30,16:30,LR,0,,28,0,0,0,0,0,0,1,
BRD9G5,ACRun25,9,Gap,17-06-2015,16:30,17:00,BR,1,Moving,25,0,0,0,0,0,0,-1,
BRD9A5,OccWork,9,Activity,17-06-2015,17:00,18:00,BR,1,Working,25,0,1,0,0,0,0,1,
LRD9G5,ACOff,9,Gap,17-06-2015,16:30,17:00,LR,1,Moving,28,0,0,0,0,0,0,-1,
LRD9A5,T28,9,Activity,17-06-2015,17:00,18:00,LR,0,,28,0,0,0,0,0,0,1,
BRD9G6,ACOff,9,Gap,17-06-2015,18:00,18:30,BR,1,Moving,25,0,0,0,0,0,0,-1,
BRD9A6,T22,9,Activity,17-06-2015,18:30,19:30,BR,0,,22,0,0,0,0,0,0,1,
LRD9G6,ACRun28,9,Gap,17-06-2015,18:00,18:30,LR,1,Moving,28,0,0,0,0,0,0,-1,
LRD9A6,T28,9,Activity,17-06-2015,18:30,19:30,LR,0,,28,0,0,0,0,0,0,1,
BRD9G7,ACOff,9,Gap,17-06-2015,19:30,20:00,BR,1,Moving,25,0,0,0,0,0,0,-1,
BRD9A7,T27,9,Activity,17-06-2015,20:00,21:00,BR,0,,27,0,0,0,0,0,0,1,
LRD9G7,ACRun28,9,Gap,17-06-2015,19:30,20:00,LR,1,Moving,28,0,0,0,0,0,0,-1,
LRD9A7,T28,9,Activity,17-06-2015,20:00,21:00,LR,0,,28,0,0,0,0,0,0,1,
BRD10G1,ACRun25,10,Gap,23-06-2015,10:50,11:10,BR,1,Moving,25,0,0,0,0,0,0,-1,
BRD10A1,MainDoor50,10,Activity,23-06-2015,11:10,12:10,BR,0,,25,0,0,0,0,0.5,0,1,
LRD10G1,ACRun28,10,Gap,23-06-2015,10:50,11:10,LR,1,Moving,28,0,0,0,0,0,0,-1,
LRD10A1,SecondaryDoor50,10,Activity,23-06-2015,11:10,12:10,LR,0,,28,0,0,0,0,0,0.5,1,
BRD10G2,ACRun25,10,Gap,23-06-2015,12:10,12:38,BR,1,Moving,25,0,0,0,0,0,0,-1,
BRD10A2,SecondaryDoor50,10,Activity,23-06-2015,12:38,13:38,BR,0,,25,0,0,0,0,0,0.5,1,
LRD10G2,ACRun28,10,Gap,23-06-2015,12:10,12:38,LR,1,Moving,28,0,0,0,0,0,0,-1,
LRD10A2,MainDoor50,10,Activity,23-06-2015,12:38,13:38,LR,0,,28,0,0,0,0,0.5,0,1,
BRD10G3,ACRun25,10,Gap,23-06-2015,13:38,13:45,BR,1,Moving,25,0,0,0,0,0,0,-1,
BRD10A3,FansOn,10,Activity,23-06-2015,13:45,16:30,BR,0,,25,1,0,0,0,0,0,1,
LRD10G3,ACRun28,10,Gap,23-06-2015,13:38,13:45,LR,1,Moving,28,0,0,0,0,0,0,-1,
LRD10A3,FansOn,10,Activity,23-06-2015,13:45,16:30,LR,0,,28,1,0,0,0,0,0,1,
BRD11G1,ACRun25,11,Gap,24-06-2015,10:45,11:00,BR,1,Moving,25,0,0,0,0,0,0,-1,
BRD11A1,MainDoor100,11,Activity,24-06-2015,11:00,12:00,BR,0,,25,0,0,0,0,1,0,1,
LRD11G1,ACRun28,11,Gap,24-06-2015,10:45,11:00,LR,1,Moving,28,0,0,0,0,0,0,-1,
LRD11A1,SecondaryDoor100,11,Activity,24-06-2015,11:00,12:00,LR,0,,28,0,0,0,0,0,1,1,
BRD11G2,ACRun25,11,Gap,24-06-2015,12:00,12:15,BR,1,Moving,25,0,0,0,0,0,0,-1,
BRD11A2,SecondaryDoor100,11,Activity,24-06-2015,12:15,13:15,BR,0,,25,0,0,0,0,0,1,1,
LRD11G2,ACRun28,11,Gap,24-06-2015,12:00,12:15,LR,1,Moving,28,0,0,0,0,0,0,-1,
LRD11A2,MainDoor100,11,Activity,24-06-2015,12:15,13:15,LR,0,,28,0,0,0,0,1,0,1,
BRD11G3,ACRun25,11,Gap,24-06-2015,13:15,13:30,BR,1,Moving,25,0,0,0,0,0,0,-1,
BRD11A3,CurtainsOn,11,Activity,24-06-2015,13:30,14:30,BR,0,,25,0,0,1,0,0,0,1,
LRD11G3,ACRun28,11,Gap,24-06-2015,13:15,13:30,LR,1,Moving,28,0,0,0,0,0,0,-1,
LRD11A3,CurtainsOn,11,Activity,24-06-2015,13:30,14:30,LR,0,,28,0,0,1,0,0,0,1,
BRD11G4,ACRun25,11,Gap,24-06-2015,14:30,14:45,BR,1,Moving,25,0,0,0,0,0,0,-1,
BRD11A4,LightsOn,11,Activity,24-06-2015,14:45,15:45,BR,0,,25,0,1,0,0,0,0,1,
LRD11G4,ACRun28,11,Gap,24-06-2015,14:30,14:45,LR,1,Moving,28,0,0,0,0,0,0,-1,
LRD11A4,LightsOn,11,Activity,24-06-2015,14:45,15:45,LR,0,,28,0,1,0,0,0,0,1,
BRD11G5,ACRun25,11,Gap,24-06-2015,15:45,16:00,BR,1,Moving,25,0,0,0,0,0,0,-1,
BRD11A5,OccSleep,11,Activity,24-06-2015,16:00,17:00,BR,1,Sleeping,25,0,0,0,0,0,0,1,
LRD11G5,ACOff,11,Gap,24-06-2015,15:45,16:00,LR,1,Moving,0,0,0,0,0,0,0,-1,
LRD11A5,T18,11,Activity,24-06-2015,16:00,17:00,LR,0,,18,0,0,0,0,0,0,1,
BRD11G6,ACRun25,11,Gap,24-06-2015,17:00,17:15,BR,1,Moving,25,0,0,0,0,0,0,-1,
BRD11A6,OccExercise,11,Activity,24-06-2015,17:15,18:15,BR,1,Exercise,25,0,1,0,0,0,0,1,
LRD11G6,ACOff,11,Gap,24-06-2015,17:00,17:15,LR,1,Moving,0,0,0,0,0,0,0,-1,
LRD11A6,T24,11,Activity,24-06-2015,17:15,18:15,LR,0,,24,0,0,0,0,0,0,1,
BRD11G7,ACOff,11,Gap,24-06-2015,18:15,18:30,BR,1,Moving,0,0,0,0,0,0,0,-1,
BRD11A7,T18,11,Activity,24-06-2015,18:30,19:30,BR,0,,18,0,0,0,0,0,0,0,Weather gone bad
LRD11G7,ACRun28,11,Gap,24-06-2015,18:15,18:30,LR,1,Moving,28,0,0,0,0,0,0,-1,
LRD11A7,OccSleep,11,Activity,24-06-2015,18:30,19:30,LR,1,Sleeping,28,0,0,0,0,0,0,0,Weather gone bad
BRD11G8,ACOff,11,Gap,24-06-2015,19:30,19:45,BR,1,Moving,0,0,0,0,0,0,0,-1,
BRD11A8,T24,11,Activity,24-06-2015,19:45,20:45,BR,0,,24,0,0,0,0,0,0,0,Weather gone bad
LRD11G8,ACRun28,11,Gap,24-06-2015,19:30,19:45,LR,1,Moving,28,0,0,0,0,0,0,-1,
LRD11A8,OccExercise,11,Activity,24-06-2015,19:45,20:45,LR,1,Exercise,28,0,1,0,0,0,0,0,Weather gone bad
BRD12G7,ACOff,12,Gap,25-06-2015,18:15,18:30,BR,1,Moving,0,0,0,0,0,0,0,-1,
BRD12A7,T18,12,Activity,25-06-2015,18:30,19:30,BR,0,,18,0,0,0,0,0,0,1,
LRD12G7,ACRun28,12,Gap,25-06-2015,18:15,18:30,LR,1,Moving,28,0,0,0,0,0,0,-1,
LRD12A7,OccSleep,12,Activity,25-06-2015,18:30,19:30,LR,1,Sleeping,28,0,0,0,0,0,0,1,
BRD12G8,ACOff,12,Gap,25-06-2015,19:30,19:45,BR,1,Moving,0,0,0,0,0,0,0,-1,
BRD12A8,T24,12,Activity,25-06-2015,19:45,20:45,BR,0,,24,0,0,0,0,0,0,1,
LRD12G8,ACRun28,12,Gap,25-06-2015,19:30,19:45,LR,1,Moving,28,0,0,0,0,0,0,-1,
LRD12A8,OccExercise,12,Activity,25-06-2015,19:45,20:45,LR,1,Exercise,28,0,1,0,0,0,0,1,
BRD13G1,ACRun25,13,Gap,29-06-2015,11:00,11:10,BR,1,Moving,25,0,0,0,0,0,0,-1,
BRD13A1,Window100,13,Activity,29-06-2015,11:10,12:10,BR,0,,25,0,0,0,1,0,0,1,
LRD13G1,ACRun28,13,Gap,29-06-2015,11:00,11:10,LR,1,Moving,28,0,0,0,0,0,0,-1,
LRD13A1,Window50,13,Activity,29-06-2015,11:10,12:10,LR,0,,28,0,0,0,0.5,0,0,1,
BRD13G2,ACRun25,13,Gap,29-06-2015,12:10,12:20,BR,1,Moving,25,0,0,0,0,0,0,-1,
BRD13A2,Window50,13,Activity,29-06-2015,12:20,13:20,BR,0,,25,0,0,0,0.5,0,0,1,
LRD13G2,ACRun28,13,Gap,29-06-2015,12:10,12:20,LR,1,Moving,28,0,0,0,0,0,0,-1,
LRD13A2,Window100,13,Activity,29-06-2015,12:20,13:25,LR,0,,28,0,0,0,1,0,0,1,
BRD13G3,ACRun25,13,Gap,29-06-2015,13:25,13:30,BR,1,Moving,25,0,0,0,0,0,0,-1,
BRD13A3,FansOn,13,Activity,29-06-2015,13:30,14:30,BR,0,,25,1,0,0,0,0,0,1,
LRD13G3,ACRun28,13,Gap,29-06-2015,13:25,13:30,LR,1,Moving,28,0,0,0,0,0,0,-1,
LRD13A3,FansOn,13,Activity,29-06-2015,13:30,14:30,LR,0,,28,1,0,0,0,0,0,1,
BRD13G4,ACRun25,13,Gap,29-06-2015,14:30,14:45,BR,1,Moving,25,0,0,0,0,0,0,-1,
BRD13A4,FanSwingOn,13,Activity,29-06-2015,14:45,15:45,BR,0,,25,0.5,0,0,0,0,0,1,
LRD13G4,ACRun28,13,Gap,29-06-2015,14:30,14:45,LR,1,Moving,28,0,0,0,0,0,0,-1,
LRD13A4,SecondFanOn,13,Activity,29-06-2015,14:45,15:45,LR,0,,28,0.5,0,0,0,0,0,1,
BRD13G5,ACRun25,13,Gap,29-06-2015,15:45,16:00,BR,1,Moving,25,0,0,0,0,0,0,-1,
BRD13A5,OccWork,13,Activity,29-06-2015,16:00,17:00,BR,1,Working,25,0,1,0,0,0,0,1,
LRD13G5,ACOff,13,Gap,29-06-2015,15:45,16:00,LR,1,Moving,0,0,0,0,0,0,0,-1,
LRD13A5,T20,13,Activity,29-06-2015,16:00,17:00,LR,0,,20,0,0,0,0,0,0,1,
BRD13G6,ACRun25,13,Gap,29-06-2015,17:00,17:15,BR,1,Moving,25,0,0,0,0,0,0,-1,
BRD13A6,OccSit,13,Activity,29-06-2015,17:15,18:15,BR,1,Sitting,25,0,1,0,0,0,0,1,
LRD13G6,ACOff,13,Gap,29-06-2015,17:00,17:15,LR,1,Moving,0,0,0,0,0,0,0,-1,
LRD13A6,T27,13,Activity,29-06-2015,17:15,18:15,LR,0,,27,0,0,0,0,0,0,1,
BRD13G7,ACOff,13,Gap,29-06-2015,18:15,18:30,BR,1,Moving,0,0,0,0,0,0,0,-1,
BRD13A7,T20,13,Activity,29-06-2015,18:30,19:30,BR,0,,20,0,0,0,0,0,0,1,
LRD13G7,ACRun28,13,Gap,29-06-2015,18:15,18:30,LR,1,Moving,28,0,0,0,0,0,0,-1,
LRD13A7,MultipleOccWork,13,Activity,29-06-2015,18:30,19:30,LR,3,Working,28,0,1,0,0,0,0,1,Alvika and Manoj
BRD13G8,ACOff,13,Gap,29-06-2015,19:30,19:45,BR,1,Moving,0,0,0,0,0,0,0,-1,
BRD13A8,T27,13,Activity,29-06-2015,19:45,20:45,BR,0,,27,0,0,0,0,0,0,1,
LRD13G8,ACRun28,13,Gap,29-06-2015,19:30,19:45,LR,1,Moving,28,0,0,0,0,0,0,-1,
LRD13A8,MultipleOccSit,13,Activity,29-06-2015,19:45,20:45,LR,3,Sitting,28,0,1,0,0,0,0,1,Lokender and Apurv
